{
  "run_id": "21538297424",
  "timestamp": "2026-01-31T04:10:17.361752+00:00",
  "gpu_config": "1-gpu-runner",
  "test_type": "diffusion",
  "results": [
    {
      "gpu_config": "1-gpu-runner",
      "test_suite": "TestDiffusionServerOneGpu",
      "tests": [
        {
          "test_name": "qwen_image_t2i",
          "class_name": "TestDiffusionServerOneGpu",
          "modality": "image",
          "e2e_ms": 14752.902566004195,
          "avg_denoise_ms": 281.7986981390277,
          "median_denoise_ms": 282.7824074993259,
          "stage_metrics": {
            "InputValidationStage": 0.048892994527705014,
            "TextEncodingStage": 601.4240020012949,
            "ConditioningStage": 0.014856006600894034,
            "TimestepPreparationStage": 2.5974279997171834,
            "LatentPreparationStage": 0.16172599862329662,
            "DenoisingStage": 14094.760816995404,
            "DecodingStage": 52.16033499164041
          },
          "sampled_steps": {
            "0": 230.24377699766774,
            "10": 284.8511419870192,
            "20": 283.5745490010595,
            "29": 281.9071740086656,
            "39": 282.52438599884044,
            "49": 283.07723499892745
          },
          "frames_per_second": null,
          "total_frames": null,
          "avg_frame_time_ms": null
        },
        {
          "test_name": "flux_image_t2i",
          "class_name": "TestDiffusionServerOneGpu",
          "modality": "image",
          "e2e_ms": 7819.716985002742,
          "avg_denoise_ms": 151.34482893830864,
          "median_denoise_ms": 153.3370439938153,
          "stage_metrics": {
            "InputValidationStage": 0.04401399928610772,
            "TextEncodingStage": 37.76676399866119,
            "ConditioningStage": 0.017835991457104683,
            "TimestepPreparationStage": 2.378354998654686,
            "LatentPreparationStage": 0.1532379974378273,
            "DenoisingStage": 7572.411727989675,
            "DecodingStage": 33.80765899783
          },
          "sampled_steps": {
            "0": 50.03863999445457,
            "10": 151.67990600457415,
            "20": 155.91010999924038,
            "29": 152.94723999977577,
            "39": 155.41130599740427,
            "49": 152.7022949885577
          },
          "frames_per_second": null,
          "total_frames": null,
          "avg_frame_time_ms": null
        },
        {
          "test_name": "flux_2_klein_image_t2i",
          "class_name": "TestDiffusionServerOneGpu",
          "modality": "image",
          "e2e_ms": 428.16750799829606,
          "avg_denoise_ms": 38.455585246992996,
          "median_denoise_ms": 37.966986499668565,
          "stage_metrics": {
            "InputValidationStage": 0.04572300531435758,
            "TextEncodingStage": 90.33120200911071,
            "ImageVAEEncodingStage": 0.0027759961085394025,
            "ConditioningStage": 0.016906007658690214,
            "LatentPreparationStage": 0.345872002071701,
            "TimestepPreparationStage": 1.1372010048944503,
            "DenoisingStage": 252.80755900894292,
            "DecodingStage": 4.930636001517996
          },
          "sampled_steps": {
            "0": 15.327711997088045,
            "1": 14.7544709907379,
            "2": 60.606261002249084,
            "3": 63.133896997896954
          },
          "frames_per_second": null,
          "total_frames": null,
          "avg_frame_time_ms": null
        },
        {
          "test_name": "zimage_image_t2i",
          "class_name": "TestDiffusionServerOneGpu",
          "modality": "image",
          "e2e_ms": 953.994146999321,
          "avg_denoise_ms": 89.94816900263282,
          "median_denoise_ms": 100.02766099933069,
          "stage_metrics": {
            "InputValidationStage": 0.03865599865093827,
            "TextEncodingStage": 101.63486999226734,
            "ConditioningStage": 0.009315990610048175,
            "TimestepPreparationStage": 1.0224230063613504,
            "LatentPreparationStage": 0.07203000131994486,
            "DenoisingStage": 812.7464169956511,
            "DecodingStage": 34.667168991290964
          },
          "sampled_steps": {
            "0": 15.846616995986551,
            "2": 101.13049700157717,
            "3": 100.35844599769916,
            "5": 100.75100700487383,
            "6": 100.02766099933069,
            "8": 103.43179300252814
          },
          "frames_per_second": null,
          "total_frames": null,
          "avg_frame_time_ms": null
        },
        {
          "test_name": "zimage_image_t2i_multi_lora",
          "class_name": "TestDiffusionServerOneGpu",
          "modality": "image",
          "e2e_ms": 945.0407779950183,
          "avg_denoise_ms": 89.22281455630178,
          "median_denoise_ms": 99.20131400576793,
          "stage_metrics": {
            "InputValidationStage": 0.03844298771582544,
            "TextEncodingStage": 102.23750000295695,
            "ConditioningStage": 0.011580006685107946,
            "TimestepPreparationStage": 1.10409599437844,
            "LatentPreparationStage": 0.08203899778891355,
            "DenoisingStage": 806.2124970019795,
            "DecodingStage": 33.93744901404716
          },
          "sampled_steps": {
            "0": 24.153992999345064,
            "2": 99.17342399421614,
            "3": 100.8000410074601,
            "5": 99.20131400576793,
            "6": 99.13548899930902,
            "8": 99.8345489933854
          },
          "frames_per_second": null,
          "total_frames": null,
          "avg_frame_time_ms": null
        },
        {
          "test_name": "qwen_image_edit_2509_ti2i",
          "class_name": "TestDiffusionServerOneGpu",
          "modality": "image",
          "e2e_ms": 47056.61909999617,
          "avg_denoise_ms": 1142.201503425531,
          "median_denoise_ms": 1148.5850870012655,
          "stage_metrics": {
            "InputValidationStage": 104.02484799851663,
            "ImageEncodingStage": 860.2672950073611,
            "ImageVAEEncodingStage": 176.06717399030458,
            "TimestepPreparationStage": 2.3894749901955947,
            "LatentPreparationStage": 0.14775800809729844,
            "ConditioningStage": 0.010976000339724123,
            "DenoisingStage": 45694.01970900071,
            "DecodingStage": 217.15825000137556
          },
          "sampled_steps": {
            "0": 926.1030400084564,
            "8": 1148.556419997476,
            "16": 1149.7080989938695,
            "23": 1151.950207000482,
            "31": 1144.5959889970254,
            "39": 1141.7333400022471
          },
          "frames_per_second": null,
          "total_frames": null,
          "avg_frame_time_ms": null
        },
        {
          "test_name": "qwen_image_layered_i2i",
          "class_name": "TestDiffusionServerOneGpu",
          "modality": "image",
          "e2e_ms": 41748.32050300029,
          "avg_denoise_ms": 786.227089241147,
          "median_denoise_ms": 788.3273265033495,
          "stage_metrics": {
            "QwenImageLayeredBeforeDenoisingStage": 2133.544377007638,
            "TimestepPreparationStage": 1.9592430035118014,
            "DenoisingStage": 39316.49953100714,
            "DecodingStage": 295.01840499870013
          },
          "sampled_steps": {
            "0": 644.3368299951544,
            "10": 795.0118139997358,
            "20": 789.1704930079868,
            "29": 785.8376530057285,
            "39": 785.9271310007898,
            "49": 786.8484990030993
          },
          "frames_per_second": null,
          "total_frames": null,
          "avg_frame_time_ms": null
        },
        {
          "test_name": "wan2_1_t2v_1.3b_text_encoder_cpu_offload",
          "class_name": "TestDiffusionServerOneGpu",
          "modality": "video",
          "e2e_ms": 13533.6673730053,
          "avg_denoise_ms": 211.04374014103087,
          "median_denoise_ms": 206.88174999668263,