{
  "perplexity": 9.134924879187757,
  "nll_sum": 144901.72371843213,
  "tokens": 65504,
  "samples": 32,
  "elapsed_s": 5.427889108657837
}