{
  "concurrencies": [
    1,
    4
  ],
  "results": [
    {
      "config": "branch_ds_off",
      "model": "meta-llama/Llama-3.1-70B-Instruct",
      "context_len": 16384,
      "output_len": 128,
      "n_requests": 4,
      "concurrency": 1,
      "decode_tok_per_s": 121.59775046838134,
      "aggregate_tok_per_s": 70.63200380031032,
      "e2e_latency_s": 1.812167227268219,
      "ttft_ms_p50": 765.7214403152466,
      "ttft_ms_p95": 776.3324856758118,
      "tbt_ms_p50": 8.22758674621582,
      "tbt_ms_p95": 8.288288116455078,
      "niah_accuracy": null,
      "block_t": null,
      "k_block": null,
      "calibration_mode": null,
      "extra": {
        "tp_size": 8.0,
        "mem_fraction_static": 0.85,
        "max_running_requests": 16.0,
        "niah_n_samples": 5.0
      }
    },
    {
      "config": "branch_ds_off",
      "model": "meta-llama/Llama-3.1-70B-Instruct",
      "context_len": 16384,
      "output_len": 128,
      "n_requests": 4,
      "concurrency": 4,
      "decode_tok_per_s": 58.57419593846481,
      "aggregate_tok_per_s": 124.48295837061087,
      "e2e_latency_s": 4.111607909202576,
      "ttft_ms_p50": 1972.0360040664673,
      "ttft_ms_p95": 2866.1393523216248,
      "tbt_ms_p50": 9.052038192749023,
      "tbt_ms_p95": 9.11175012588501,
      "niah_accuracy": null,
      "block_t": null,
      "k_block": null,
      "calibration_mode": null,
      "extra": {
        "tp_size": 8.0,
        "mem_fraction_static": 0.85,
        "max_running_requests": 16.0,
        "niah_n_samples": 5.0
      }
    }
  ]
}