label,mc,completed,request_throughput,total_input_tokens,total_output_tokens,input_throughput,output_throughput,mean_ttft_ms,median_ttft_ms,p99_ttft_ms,mean_itl_ms,median_itl_ms,p99_itl_ms,mean_e2el_ms,median_e2el_ms,p99_e2el_ms
baseline,128,300,8.752565262726456,94617,60786,2760.471558211297,1773.4447735336348,1288.6309936875477,131.60114953643642,3941.5165706182597,34.22043140841795,25.166659033857286,156.6582993348129,,,
baseline,32,300,7.016186745974645,94617,60786,2212.8351378129432,1421.6197584693825,106.39480429080625,61.97471448103897,533.1356567551848,19.592515221634716,15.694522007834166,83.7409729207865,,,
baseline,64,300,7.863780726165737,94617,60786,2480.1578032254115,1593.3592507357016,293.391835676933,76.38541000778787,1396.0512444988126,27.908344949293106,22.29833696037531,111.84966222150248,,,
treatment,128,300,7.736235968044015,94617,60786,2439.931461961402,1567.5161318450785,744.4849027604021,247.05559149151668,2274.64794457017,46.49587319703073,25.138689030427486,204.3520797882229,,,
treatment,32,300,4.492437221496757,94617,60786,1416.8697752878622,910.257629819673,533.9219472493278,120.72143852128647,3437.1546346868854,30.167438786580323,15.838945982977748,107.6724825752899,,,
treatment,64,300,6.232125610410669,94617,60786,1965.5500962674207,1262.7532911814096,339.66344941349234,163.08329248568043,1680.3154587122845,38.23791954544659,22.31591794406995,164.41177714383213,,,
