{
    "M1_N4096_K8192": {
        "best_config": 6,
        "time": 6.532669067382812e-05,
        "batch_size": 1
    },
    "M16_N4096_K8192": {
        "best_config": 6,
        "time": 6.699562072753906e-05,
        "batch_size": 16
    },
    "M64_N4096_K8192": {
        "best_config": 6,
        "time": 6.67572021484375e-05,
        "batch_size": 64
    },
    "M128_N4096_K8192": {
        "best_config": 6,
        "time": 6.699562072753906e-05,
        "batch_size": 128
    },
    "M256_N4096_K8192": {
        "best_config": 6,
        "time": 6.842613220214844e-05,
        "batch_size": 256
    },
    "M512_N4096_K8192": {
        "best_config": 6,
        "time": 0.00012421607971191406,
        "batch_size": 512
    },
    "M1024_N4096_K8192": {
        "best_config": 6,
        "time": 0.00023627281188964844,
        "batch_size": 1024
    },
    "M2048_N4096_K8192": {
        "best_config": 6,
        "time": 0.00045871734619140625,
        "batch_size": 2048
    }
}