{
  "config": "branch_ds_on",
  "model": "meta-llama/Llama-3.1-70B-Instruct",
  "context_len": 131072,
  "output_len": 256,
  "n_requests": 32,
  "concurrency": 32,
  "decode_tok_per_s": 2.875542537980343,
  "aggregate_tok_per_s": 24.099945265282916,
  "e2e_latency_s": 259.60951378941536,
  "ttft_ms_p50": 167876.01709365845,
  "ttft_ms_p95": 317851.06374025345,
  "tbt_ms_p50": 31.208038330078125,
  "tbt_ms_p95": 31.479406356811523,
  "niah_accuracy": null,
  "block_t": 1024,
  "k_block": 64,
  "calibration_mode": "wikitext",
  "extra": {
    "tp_size": 8.0,
    "mem_fraction_static": 0.85,
    "max_running_requests": 32.0,
    "niah_n_samples": 5.0,
    "token_budget": 8192.0,
    "recent_tokens": 64.0,
    "sink_tokens": 4.0,
    "min_seq_len": 4096.0,
    "max_selected_per_request": 16384.0
  }
}
