{
  "config": "branch_ds_on",
  "model": "meta-llama/Llama-3.1-70B-Instruct",
  "context_len": 131072,
  "output_len": 512,
  "n_requests": 16,
  "concurrency": 16,
  "decode_tok_per_s": 6.340874772020018,
  "aggregate_tok_per_s": 44.08749860985708,
  "e2e_latency_s": 168.28883628547192,
  "ttft_ms_p50": 86886.11376285553,
  "ttft_ms_p95": 158974.38383102417,
  "tbt_ms_p50": 27.832388877868652,
  "tbt_ms_p95": 27.994751930236816,
  "niah_accuracy": null,
  "block_t": 1024,
  "k_block": 64,
  "calibration_mode": "wikitext",
  "extra": {
    "tp_size": 8.0,
    "mem_fraction_static": 0.85,
    "max_running_requests": 16.0,
    "niah_n_samples": 5.0,
    "token_budget": 8192.0,
    "recent_tokens": 64.0,
    "sink_tokens": 4.0,
    "min_seq_len": 4096.0,
    "max_selected_per_request": 16384.0
  }
}