{
  "config": "branch_ds_on",
  "model": "meta-llama/Llama-3.1-70B-Instruct",
  "context_len": 131072,
  "output_len": 256,
  "n_requests": 32,
  "concurrency": 32,
  "decode_tok_per_s": 2.8680465607566283,
  "aggregate_tok_per_s": 24.026463412613108,
  "e2e_latency_s": 260.49800749868155,
  "ttft_ms_p50": 168605.0887107849,
  "ttft_ms_p95": 318858.45878124237,
  "tbt_ms_p50": 31.194210052490234,
  "tbt_ms_p95": 31.499171257019043,
  "niah_accuracy": null,
  "block_t": 1024,
  "k_block": 64,
  "calibration_mode": "wikitext",
  "extra": {
    "tp_size": 8.0,
    "mem_fraction_static": 0.85,
    "max_running_requests": 32.0,
    "niah_n_samples": 5.0,
    "token_budget": 8192.0,
    "recent_tokens": 64.0,
    "sink_tokens": 4.0,
    "min_seq_len": 4096.0,
    "max_selected_per_request": 16384.0
  }
}