{
  "config": "branch_ds_on",
  "model": "meta-llama/Llama-3.1-70B-Instruct",
  "context_len": 131072,
  "output_len": 128,
  "n_requests": 1,
  "concurrency": 1,
  "decode_tok_per_s": 59.867629970554894,
  "aggregate_tok_per_s": 10.273052436393368,
  "e2e_latency_s": 12.459782600402832,
  "ttft_ms_p50": 10338.435888290405,
  "ttft_ms_p95": 10338.435888290405,
  "tbt_ms_p50": 16.669273376464844,
  "tbt_ms_p95": 16.979551315307617,
  "niah_accuracy": 0.9,
  "block_t": 1024,
  "k_block": 64,
  "calibration_mode": "wikitext",
  "extra": {
    "tp_size": 8.0,
    "mem_fraction_static": 0.85,
    "max_running_requests": 16.0,
    "niah_n_samples": 10.0,
    "token_budget": 8192.0,
    "recent_tokens": 64.0,
    "sink_tokens": 4.0,
    "min_seq_len": 4096.0,
    "max_selected_per_request": 16384.0
  }
}