{
  "concurrencies": [
    1,
    4,
    8,
    16
  ],
  "results": [
    {
      "config": "branch_ds_on",
      "model": "meta-llama/Llama-3.1-70B-Instruct",
      "context_len": 131072,
      "output_len": 512,
      "n_requests": 8,
      "concurrency": 1,
      "decode_tok_per_s": 62.286354124036905,
      "aggregate_tok_per_s": 27.497701658011355,
      "e2e_latency_s": 18.619664579629898,
      "ttft_ms_p50": 10384.918689727783,
      "ttft_ms_p95": 10552.823257446289,
      "tbt_ms_p50": 16.046762466430664,
      "tbt_ms_p95": 16.134417057037354,
      "niah_accuracy": 0.0,
      "block_t": 1024,
      "k_block": 64,
      "calibration_mode": "wikitext",
      "extra": {
        "tp_size": 8.0,
        "mem_fraction_static": 0.85,
        "max_running_requests": 16.0,
        "niah_n_samples": 5.0,
        "token_budget": 512.0,
        "recent_tokens": 64.0,
        "sink_tokens": 4.0,
        "min_seq_len": 4096.0,
        "max_selected_per_request": 8192.0
      }
    },
    {
      "config": "branch_ds_on",
      "model": "meta-llama/Llama-3.1-70B-Instruct",
      "context_len": 131072,
      "output_len": 512,
      "n_requests": 8,
      "concurrency": 4,
      "decode_tok_per_s": 20.97824250552188,
      "aggregate_tok_per_s": 40.84802132806036,
      "e2e_latency_s": 50.13543164730072,
      "ttft_ms_p50": 25778.575778007507,
      "ttft_ms_p95": 40995.270013809204,
      "tbt_ms_p50": 17.665863037109375,
      "tbt_ms_p95": 20.128250122070312,
      "niah_accuracy": null,
      "block_t": 1024,
      "k_block": 64,
      "calibration_mode": "wikitext",
      "extra": {
        "tp_size": 8.0,
        "mem_fraction_static": 0.85,
        "max_running_requests": 16.0,
        "niah_n_samples": 5.0,
        "token_budget": 512.0,
        "recent_tokens": 64.0,
        "sink_tokens": 4.0,
        "min_seq_len": 4096.0,
        "max_selected_per_request": 8192.0
      }
    },
    {
      "config": "branch_ds_on",
      "model": "meta-llama/Llama-3.1-70B-Instruct",
      "context_len": 131072,
      "output_len": 512,
      "n_requests": 8,
      "concurrency": 8,
      "decode_tok_per_s": 11.213490488901906,
      "aggregate_tok_per_s": 44.596596619858026,
      "e2e_latency_s": 91.83863344788551,
      "ttft_ms_p50": 46306.30922317505,
      "ttft_ms_p95": 78354.1041970253,
      "tbt_ms_p50": 19.456863403320312,
      "tbt_ms_p95": 19.579005241394043,
      "niah_accuracy": null,
      "block_t": 1024,
      "k_block": 64,
      "calibration_mode": "wikitext",
      "extra": {
        "tp_size": 8.0,
        "mem_fraction_static": 0.85,
        "max_running_requests": 16.0,
        "niah_n_samples": 5.0,
        "token_budget": 512.0,
        "recent_tokens": 64.0,
        "sink_tokens": 4.0,
        "min_seq_len": 4096.0,
        "max_selected_per_request": 8192.0
      }
    },
    {
      "config": "branch_ds_on",
      "model": "meta-llama/Llama-3.1-70B-Instruct",
      "context_len": 131072,
      "output_len": 512,
      "n_requests": 16,
      "concurrency": 16,
      "decode_tok_per_s": 6.481151994691386,
      "aggregate_tok_per_s": 44.39878354469934,
      "e2e_latency_s": 167.29509381949902,
      "ttft_ms_p50": 88026.43430233002,
      "ttft_ms_p95": 159846.23897075653,
      "tbt_ms_p50": 22.98760414123535,
      "tbt_ms_p95": 23.172616958618164,
      "niah_accuracy": null,
      "block_t": 1024,
      "k_block": 64,
      "calibration_mode": "wikitext",
      "extra": {
        "tp_size": 8.0,
        "mem_fraction_static": 0.85,
        "max_running_requests": 16.0,
        "niah_n_samples": 5.0,
        "token_budget": 512.0,
        "recent_tokens": 64.0,
        "sink_tokens": 4.0,
        "min_seq_len": 4096.0,
        "max_selected_per_request": 8192.0
      }
    }
  ]
}