{
  "meta": {
    "config": "B02_multiple_gpu",
    "gpus": 2,
    "tp": 1,
    "sp": 2,
    "timestamp": "20260212_102701",
    "model": "zai-org/GLM-Image",
    "width": 1536,
    "height": 1536
  },
  "metrics": {
    "duration": 1535.3616489369888,
    "completed_requests": 10,
    "failed_requests": 0,
    "throughput_qps": 0.006513123476103186,
    "latency_mean": 153.5359119678149,
    "latency_median": 152.579611428082,
    "latency_p99": 161.3961202622531,
    "latency_p50": 152.579611428082,
    "peak_memory_mb_max": 44283.86865234375,
    "peak_memory_mb_mean": 41689.61821289062,
    "peak_memory_mb_median": 41401.3681640625
  }
}