{"text":"2018 Elsevier B.V. All rights reserved. The study was conducted in the","output_ids":[643,26,50122,406,16982,16,2899,5643,15969,16,455,2286,515,9680,295,270],"meta_info":{"id":"773a859537374d37b7195908a3710683","finish_reason":{"type":"length","length":16},"prompt_tokens":2272,"weight_version":"default","num_retractions":0,"reasoning_tokens":0,"completion_tokens":16,"cached_tokens":0,"cached_tokens_details":null,"double_sparsity":{"sparsity_rate":0.10450371665937908,"selected_tokens":2048,"dense_fallback":0},"dp_rank":null,"e2e_latency":3.1391993332654238,"response_sent_to_client_ts":1780004149.2180097}}