{"text":" Paris. DDDDDDDDDDDDDDDDDDDDDDDDDDDDDDDDDDDDDDDDDD","output_ids":[11111,16,223,17121,17121,17121,17121,17121,17121,17121,17121,17121,17121,17121,17121,17121,17121,17121,17121,17121,17121,17121,17121,17121],"meta_info":{"id":"629d44d451bd462e92a94380ef459d25","finish_reason":{"type":"length","length":24},"prompt_tokens":5,"weight_version":"default","num_retractions":0,"reasoning_tokens":0,"completion_tokens":24,"cached_tokens":0,"cached_tokens_details":null,"double_sparsity":{"sparsity_rate":0.8214285714285714,"selected_tokens":5,"dense_fallback":0},"dp_rank":null,"e2e_latency":4.563547819852829,"response_sent_to_client_ts":1779996584.3265054}}