{"text":" Paris. DDDDDDDDDDDDDDDDDDDDDDDDDDDDDDDDDDDDDDDDDD","output_ids":[11111,16,223,17121,17121,17121,17121,17121,17121,17121,17121,17121,17121,17121,17121,17121,17121,17121,17121,17121,17121,17121,17121,17121],"meta_info":{"id":"a44e49358dbb47a9b6e02ac055f96e7d","finish_reason":{"type":"length","length":24},"prompt_tokens":5,"weight_version":"default","num_retractions":0,"reasoning_tokens":0,"completion_tokens":24,"cached_tokens":0,"cached_tokens_details":null,"dp_rank":null,"e2e_latency":1.0666823582723737,"response_sent_to_client_ts":1779994193.1755383}}