{"text":" Paris. 法国的首都是巴黎。\nThe capital of Italy is Rome. 意大利的首都是罗马。\nThe capital of","output_ids":[11111,16,223,102240,2793,3139,33870,876,671,6102,294,14251,344,16235,16,223,27111,37118,3139,30277,876,671,6102,294],"meta_info":{"id":"b7e1dabb25b7415bb5fc82954c069de3","finish_reason":{"type":"length","length":24},"prompt_tokens":5,"weight_version":"default","num_retractions":0,"reasoning_tokens":0,"completion_tokens":24,"cached_tokens":0,"cached_tokens_details":null,"dp_rank":null,"e2e_latency":0.8513935199007392,"response_sent_to_client_ts":1779995750.8527555}}