{
  "meta": {
    "config": "B01_single_gpu",
    "gpus": 1,
    "tp": 1,
    "sp": 1,
    "timestamp": "20260212_105842",
    "model": "zai-org/GLM-Image",
    "width": 1536,
    "height": 1536
  },
  "metrics": {
    "duration": 1899.375485858065,
    "completed_requests": 10,
    "failed_requests": 0,
    "throughput_qps": 0.005264888419617769,
    "latency_mean": 189.9373053721036,
    "latency_median": 188.54799525701674,
    "latency_p99": 199.12441066340193,
    "latency_p50": 188.54799525701674,
    "peak_memory_mb_max": 41401.3681640625,
    "peak_memory_mb_mean": 41401.3681640625,
    "peak_memory_mb_median": 41401.3681640625
  }
}