{
  "config": "branch_ds_off",
  "model": "meta-llama/Llama-3.1-70B-Instruct",
  "context_len": 30720,
  "output_len": 1024,
  "n_requests": 4,
  "concurrency": 1,
  "decode_tok_per_s": 117.40542854947618,
  "aggregate_tok_per_s": 99.08885765803744,
  "e2e_latency_s": 10.334100782871246,
  "ttft_ms_p50": 1620.1231479644775,
  "ttft_ms_p95": 1631.099247932434,
  "tbt_ms_p50": 8.517026901245117,
  "tbt_ms_p95": 8.570671081542969,
  "niah_accuracy": 1.0,
  "block_t": null,
  "k_block": null,
  "calibration_mode": null,
  "extra": {
    "tp_size": 8.0,
    "mem_fraction_static": 0.85,
    "max_running_requests": 4.0,
    "niah_n_samples": 5.0
  }
}