{
  "run": "TCP_100_16MB(2)",
  "inner_run": "TCP_100_16MB_2",
  "status": "complete",
  "samples": 500,
  "success_samples": 500,
  "error_samples": 0,
  "latency_ms_p50": 8.783100999999998,
  "latency_ms_p90": 9.7614397,
  "latency_ms_p99": 14.845297729999992,
  "latency_ms_max": 34.226284
}
