mc,variant,task,word_perplexity,byte_perplexity,bits_per_byte
64,hess0,wikitext,11.730476083326634,1.6091483218625104,0.6862973113648625
64,hess20,wikitext,11.670756310943043,1.607562302566018,0.684874651619316
64,hess40,wikitext,11.670378926084275,1.607552259296885,0.6848656383326702
64,hess60,wikitext,11.659962723513614,1.6072749514661047,0.6846167474237473
64,hess80,wikitext,11.65662253609836,1.6071859842104348,0.6845368879255872
64,hess100,wikitext,11.658995282120113,1.607249185385089,0.6845936195231792
