{
  "config": "branch_ds_on",
  "model": "meta-llama/Llama-3.1-70B-Instruct",
  "context_len": 131072,
  "output_len": 64,
  "n_requests": 32,
  "concurrency": 32,
  "decode_tok_per_s": 0.7557226607415931,
  "aggregate_tok_per_s": 6.199910242948913,
  "e2e_latency_s": 252.83732441812754,
  "ttft_ms_p50": 168744.6711063385,
  "ttft_ms_p95": 313008.00424814224,
  "tbt_ms_p50": 31.264662742614746,
  "tbt_ms_p95": 32.792627811431885,
  "niah_accuracy": null,
  "block_t": 1024,
  "k_block": 64,
  "calibration_mode": "wikitext",
  "extra": {
    "tp_size": 8.0,
    "mem_fraction_static": 0.85,
    "max_running_requests": 32.0,
    "niah_n_samples": 5.0,
    "token_budget": 8192.0,
    "recent_tokens": 64.0,
    "sink_tokens": 4.0,
    "min_seq_len": 4096.0,
    "max_selected_per_request": 16384.0
  }
}
